"Record ID","Actual duration (HH:mm:ss)","Amount","Amount in company currency","Annual contract value","Annual recurring revenue","Campaign of last booking in meetings tool","Category","Close Date","Closed Lost Reason","Closed won count","Closed Won Reason","Create Date","Created by user ID","Date of last meeting booked in meetings tool","Days to close","Deal Collaborator","Deal Description","Deal Name","Deal owner","Deal probability","Deal Stage","Deal Tags","Deal Type","Exchange rate","Forecast amount","Forecast category","Forecast probability","Has Last Conversation Follow Ups","HubSpot Team","Is Closed (numeric)","Is closed lost","Is Closed Won","Is Deal Closed?","Is Open (numeric)","Last Activity Date","Last Contacted","Last GS Shared Message","Last Modified Date","Last Partner Shared Message Date","Latest Approval Status","Latest Traffic Source","Latest Traffic Source Data 1","Latest Traffic Source Data 2","Latest Traffic Source Timestamp","Medium of last booking in meetings tool","Merged Deal IDs","Monthly recurring revenue","Next Activity","Next Activity Date","Next Meeting","Next Meeting Name","Next Meeting Start Time","Next step","Number of Associated Contacts","Number of Associated Line Items","Number of Sales Activities","Number of times contacted","Original Traffic Source","Original Traffic Source Drill-Down 1","Original Traffic Source Drill-Down 2","Owner assigned date","Pipeline","Priority","Project Size","Quote ID","Received Amount","Record source","Record source detail 1","Record source detail 2","Record source detail 3","Source of last booking in meetings tool","Total contract value","Total Project Value","Updated by user ID","Weighted amount","Weighted amount in company currency","Weighted open pipeline in company currency","Associated Contact","Associated Payment","Links to Sales Task that is based on the Deal (hidden)","Associated Company","Associated Deal create attribution","Associated Call","Associated Goal","Associated Survey response","Associated Discount","Associated Payment Link","Associated Ticket","Associated Forecast","Associated Quote","Associated Meeting","Associated Email","Associated Company (Primary)","Associated Sequence enrollment","Associated Product","Associated Cart","Associated Subscription","Associated Communication","Associated Line item","Associated Payment schedule installment","Associated Order","Associated Conversation session","Associated Partner Client","Associated Invoice","Associated Sales recommendation","Associated Approval","Associated Task","Associated Deal","Associated Quote (Primary)","Associated Credit memo","Associated Campaign","Associated Note","Associated Revenue attribution","Associated Deal split","Associated Deal plan","Associated Postal Mail","Associated Contact IDs","Associated Payment IDs","Links to Sales Task that is based on the Deal (hidden) IDs","Associated Company IDs","Associated Deal create attribution IDs","Associated Call IDs","Associated Goal IDs","Associated Survey response IDs","Associated Discount IDs","Associated Payment Link IDs","Associated Ticket IDs","Associated Forecast IDs","Associated Quote IDs","Associated Meeting IDs","Associated Email IDs","Associated Company IDs (Primary)","Associated Sequence enrollment IDs","Associated Product IDs","Associated Cart IDs","Associated Subscription IDs","Associated Communication IDs","Associated Line item IDs","Associated Payment schedule installment IDs","Associated Order IDs","Associated Conversation session IDs","Associated Partner Client IDs","Associated Invoice IDs","Associated Sales recommendation IDs","Associated Approval IDs","Associated Task IDs","Associated Deal IDs","Associated Quote IDs (Primary)","Associated Credit memo IDs","Associated Campaign IDs","Associated Note IDs","Associated Revenue attribution IDs","Associated Deal split IDs","Associated Deal plan IDs","Associated Postal Mail IDs"
"315981446843","719:57:04","","","","","","Real Estate / Construction","2026-04-10 15:39","","1.0","","2026-03-11 15:42","Prem .","","29.0","","https://drive.google.com/drive/folders/1VDsoK1HKr706zAJYQvXFhWuiHlCVEyOW","Ramaniyam - Radika","Prem .","1.0","Advance","","","","","","","false","","1.0","false","true","true","0.0","","","","2026-03-11 15:42","","","","","","","","","","","","","","","to follow advance ","0.0","0.0","0.0","","","","","2026-03-11 15:42","Payments","","4.4","<p>PV321/25-26&nbsp;</p>","","CRM UI","","","","","","","Prem .","","","0.0","","","","","","","","","","","","","","","","","","","","","","","","","","","","","","","","","","","","","","","","","","","","","","","","","","","","","","","","","","","","","","","","","","","","","","","","","","","","","",""
"315981445872","719:58:38","","","","","","Real Estate / Construction","2026-04-10 15:37","","1.0","","2026-03-11 15:39","Prem .","","29.0","","https://drive.google.com/drive/folders/1OXo5gwg39uUQJjF3GzMMlB0vbmmIftdo","Ramaniyam - Akshayam ","Prem .","1.0","Advance","","","","","","","false","","1.0","false","true","true","0.0","","","","2026-03-11 15:39","","","","","","","","","","","","","","","to follow advance","0.0","0.0","0.0","","","","","2026-03-11 15:39","Payments","","5.5","<p>PV316/25-26&nbsp;</p>","","CRM UI","","","","","","","Prem .","","","0.0","","","","","","","","","","","","","","","","","","","","","","","","","","","","","","","","","","","","","","","","","","","","","","","","","","","","","","","","","","","","","","","","","","","","","","","","","","","","","",""
"315980016368","719:58:50","","","","","","Real Estate / Construction","2026-04-10 15:36","","1.0","","2026-03-11 15:37","Prem .","","29.0","","https://drive.google.com/drive/folders/1Y7InVJ7IW2mEv6IiYo04S85-xrZbwHeL","Ramaniyam - Prema Saraswathi","Prem .","1.0","Advance","","","","","","","false","","1.0","false","true","true","0.0","","","","2026-03-11 15:37","","","","","","","","","","","","","","","to get advance","0.0","0.0","0.0","","","","","2026-03-11 15:37","Payments","","6.6","<p>PV317/25-26&nbsp;</p>","","CRM UI","","","","","","","Prem .","","","0.0","","","","","","","","","","","","","","","","","","","","","","","","","","","","","","","","","","","","","","","","","","","","","","","","","","","","","","","","","","","","","","","","","","","","","","","","","","","","","",""
"218550661835","2595:07:35","","","","","","Association","2026-03-02 15:55","","1.0","","2025-11-14 12:47","Prem .","","108.0","","5kw X 3 Nos","Mr. Parasuram - Nutech sri krishna ","Prem .","1.0","Advance","","","","","","","","","1.0","false","true","true","0.0","2025-11-27 08:00","","","2026-02-20 16:26","","","","","","","","","","","","","","","to follow advance ","0.0","0.0","2.0","","","","","2025-11-14 12:47","Payments","","15.0","<p>PV226/25-26&nbsp;</p>","","CRM UI","","","","","","","Prem .","","","0.0","","","","","","","","","","","","","","","","","","","","","","","","","","","","","","to be sent design ;design sent. to be sent proposal","","","","","","","","","","","","","","","","","","","","","","","","","","","","","","","","","","","","","","","258376368869;263291398879","","","","","","","","",""
"157294541545","4314:35:35","","","","","","Real Estate / Construction","2026-03-07 11:14","","1.0","","2025-09-08 16:38","Vivek Sridhar","","179.0","","https://drive.google.com/drive/folders/1uDcgSHgoY6PQEo--w0IX7vHi73xyZ507","DRA Trinity ","","1.0","Advance","","","","","","","","","1.0","false","true","true","0.0","","","","2026-03-25 20:45","","","","","","","","","","","","","","","to follow ","0.0","0.0","0.0","","","","","","Payments","High","","PV032/25-26 DRA TRinity ,DRA harmony","","Import","Deals Import 25-26.xlsx","","","","","","Prem .","","","0.0","","","","DRA Homes","","","","","","","","","","","","DRA Homes","","","","","","","","","","","","","","","","","","","","","","","","","","","156673483472","","","","","","","","","","","","156673483472","","","","","","","","","","","","","","","","","","","","","","",""
"157304066757","2946:24:16","100000.0","100000.0","","","","Indivdiual","2026-01-09 11:03","","1.0","","2025-09-08 16:38","Vivek Sridhar","","122.0","","https://drive.google.com/drive/folders/1KNyKOQKpGn1e3yZWnwkT87HEamwF8kdP","Maharajan","","1.0","Advance","","","","100000.0","","","","","1.0","false","true","true","0.0","2026-01-08 11:00","","","2026-01-08 11:00","","","","","","","","","","","","","","","","0.0","0.0","16.0","","","","","","Payments","High","4.0","PV071/25-26 Maharajan","","Import","Deals Import 25-26.xlsx","","","","","218677.0","Vivek Sridhar","100000.0","100000.0","0.0","","","","","","","","","","","","","","","","","","","","","","","","","","","","","","S&P employee. Manivel has contact to get connect and share it with Prem;Prem to follow up. Manivel has shared contact;To follow up and receive order;Order confirmed. To finalize and get advance;Follow-up Re:Order confirmed. To finalize and get advance;Follow-up Re:Order confirmed. To finalize and get advance;Follow-up Re:Order confirmed. To finalize and get advance;Follow-up Re:Order confirmed. To finalize and get advance;Follow-up Re:Order confirmed. To finalize and get advance;Follow-up Re:Order confirmed. To finalize and get advance;Follow-up Re:Order confirmed. To finalize and get advance;Follow-up Re:Order confirmed. To finalize and get advance;Follow-up Re:Order confirmed. To finalize and get advance;Follow-up Re:Order confirmed. To finalize and get advance;to follow advance payment ;Structure cost to be finalized and project to be closed","","","","","","","","","","","","","","","","","","","","","","","","","","","","","","","","","","","","","","","193888577212;194695440100;195994313464;196968910545;198754839286;202334855924;205525276378;218016159481;221696213705;226090866396;238034614975;241846567626;251573840570;258039367378;263298316014;297277305569","","","","","","","","",""
"232531934950","2663:21:16","150000.0","150000.0","","","","Real Estate / Construction","2026-03-25 15:30","","1.0","","2025-12-04 16:08","Prem .","","110.0","","10kw ongrid low rise NDCR","Adroit urban - C and D Block","Prem .","1.0","Supply payment","","","","150000.0","","","","","1.0","false","true","true","0.0","2026-01-31 08:00","","","2026-03-11 15:30","","","","","","","","","","","","","","","to follow advance ","0.0","0.0","4.0","","","","","2025-12-04 16:08","Payments","","10.0","<p>PV249/25-26&nbsp;</p>","","CRM UI","","","","","","423479.0","Prem .","150000.0","150000.0","0.0","","","","","","","","","","","","","","","","","","","","","","","","","","","","","","site meeting with them PM;to follow final meeting ;To receive PO;to follow advance payment ","","","","","","","","","","","","","","","","","","","","","","","","","","","","","","","","","","","","","","","272829097685;286669544122;297230144206;316608498378","","","","","","","","",""
"316932387562","719:59:05","250000.0","250000.0","","","","Indivdiual","2026-04-18 17:01","","1.0","","2026-03-19 17:02","Prem .","","29.0","","https://drive.google.com/drive/folders/1J-apMxGxjZTSR0YG0KQg2jiJRL8-mtsC","Pradip Jaiswal","Prem .","1.0","Installation payment","","","","250000.0","","","false","","1.0","false","true","true","0.0","","","","2026-03-26 08:29","","","","","","","","","","","","","","","to follow ","0.0","0.0","0.0","","","","","2026-03-19 17:02","Payments","","8.0","<p>PV329/25-26&nbsp;</p>","","CRM UI","","","","","","","Prem .","250000.0","250000.0","0.0","","","","","","","","","","","","","","","","","","","","","","","","","","","","","","","","","","","","","","","","","","","","","","","","","","","","","","","","","","","","","","","","","","","","","","","","","","","","","",""
"279745788610","719:57:37","","","","","","Indivdiual","2026-03-04 13:28","","1.0","","2026-02-02 13:30","Prem .","","29.0","","https://drive.google.com/drive/folders/1fVrw1odTo6SdkXGZ8aSNCU7s7PZy1Pjs","Accord Foundations ","Prem .","1.0","Installation payment","","","","","","","","","1.0","false","true","true","0.0","","","","2026-03-25 20:48","","","","","","","","","","","","","","","to follow ","0.0","0.0","0.0","","","","","2026-02-02 13:30","Payments","","30.0","<p>PV051/25-26&nbsp;</p>","","CRM UI","","","","","","","Prem .","","","0.0","","","","","","","","","","","","","","","","","","","","","","","","","","","","","","","","","","","","","","","","","","","","","","","","","","","","","","","","","","","","","","","","","","","","","","","","","","","","","",""
"239842593529","719:59:28","","","","","","","2026-01-12 10:45","","1.0","","2025-12-13 10:45","Vivek Sridhar","","29.0","","","Sri Krishna Sweets Factory Liasoning","Vivek Sridhar","1.0","Installation payment","","","","","","","","","1.0","false","true","true","0.0","","","","2025-12-13 10:45","","","","","","","","","","","","","","","","0.0","0.0","0.0","0.0","","","","2025-12-13 10:45","Payments","","","","","CRM UI","","","","","","","Vivek Sridhar","","","0.0","","","","","","","","","","","","","","","","","","","","","","","","","","","","","","","","","","","","","","","","","","","","","","","","","","","","","","","","","","","","","","","","","","","","","","","","","","","","","",""
"223188253379","2229:21:44","350000.0","350000.0","","","","","2026-02-20 13:14","","1.0","","2025-11-19 15:52","Vivek Sridhar","","92.0","","24 kw ongrid low rise 
","DRA Skylantis","Vivek Sridhar","1.0","Installation payment","","","","350000.0","","","","","1.0","false","true","true","0.0","2026-01-31 08:00","","","2026-03-11 15:31","","","","","","","","","","","","","","","","0.0","0.0","3.0","","","","","2025-11-19 15:52","Payments","","","<p>PV045/25-26&nbsp;</p>","","CRM UI","","","","","","787865.0","Prem .","350000.0","350000.0","0.0","","","","","","","","","","","","","","","","","","","","","","","","","","","","","","To get revised PO;to get revised po and advance ;to follow advance payment ","","","","","","","","","","","","","","","","","","","","","","","","","","","","","","","","","","","","","","","263042663131;272219082478;316600514277","","","","","","","","",""
"223310929621","719:59:43","","","","","","","2025-12-19 15:50","","1.0","","2025-11-19 15:50","Vivek Sridhar","","29.0","","","DMS School","Vivek Sridhar","1.0","Installation payment","","","","","","","","","1.0","false","true","true","0.0","","","","2026-01-26 11:36","","","","","","","","","","","","","","","","0.0","0.0","0.0","","","","","2025-11-19 15:50","Payments","","","<p>PV275/23</p>","","CRM UI","","","","","","","Prem .","","","0.0","","","","","","","","","","","","","","","","","","","","","","","","","","","","","","","","","","","","","","","","","","","","","","","","","","","","","","","","","","","","","","","","","","","","","","","","","","","","","",""
"217127648987","719:58:09","683100.0","683100.0","","","","Real Estate / Construction","2025-12-12 12:52","","1.0","","2025-11-12 12:54","Prem .","","29.0","","30kw low rise structure ","Jains - Adidev ","Prem .","1.0","Installation payment","","","","683100.0","","","","","1.0","false","true","true","0.0","2025-11-24 08:00","","","2025-11-24 08:00","","","","","","","","","","","","","","","to follow final payment ","0.0","0.0","1.0","","","","","2025-11-12 12:54","Payments","","30.0","<p>PV150/25-26&nbsp;</p>","","CRM UI","","","","","","","Prem .","683100.0","683100.0","0.0","","","","","","","","","","","","","","","","","","","","","","","","","","","","","","Project on hold. Only after CC we need to continue. Part payment to be given","","","","","","","","","","","","","","","","","","","","","","","","","","","","","","","","","","","","","","","260826727160","","","","","","","","",""
"215719808760","1374:02:56","683100.0","683100.0","","","","Real Estate / Construction","2026-01-08 18:55","","1.0","","2025-11-12 12:52","Prem .","","57.0","","30kw low rise structure ","Jains - Seven 77","Prem .","1.0","Installation payment","","","","683100.0","","","","","1.0","false","true","true","0.0","2026-01-08 08:00","","","2026-01-26 11:55","","","","","","","","","","","","","","","to follow supply payment ","0.0","0.0","1.0","","","","","2025-11-12 12:52","Payments","","30.0","<p>PV150/25-26&nbsp;</p>","","CRM UI","","","","","","","Prem .","683100.0","683100.0","0.0","","","","","","","","","","","","","","","","","","","","","","","","","","","","","","Part payment follow up after we start work in old projects","","","","","","","","","","","","","","","","","","","","","","","","","","","","","","","","","","","","","","","260826008298","","","","","","","","",""
"184268657391","2746:09:30","150000.0","150000.0","","","","Real Estate / Construction","2026-02-02 19:15","","1.0","","2025-10-11 09:06","Prem .","","114.0","","20kw ongrid project 
https://drive.google.com/drive/folders/1-7nuBla1S794NjPkaPbgOxj1kr7eGkj4","Lancor lumina ABC ","Prem .","1.0","Installation payment","","","","150000.0","","","","","1.0","false","true","true","0.0","2025-12-03 11:00","","","2026-02-20 16:27","","","","","","","","","","","","","","","to follow","0.0","0.0","2.0","","","","","2025-10-11 09:06","Payments","","20.0","PV277/24-25 ","340214.0","Mobile Android","","","","","","787000.0","Prem .","150000.0","150000.0","0.0","","","","","","","","","","","","","","","","","","","","","","","","","","","","","","Get an advance payment;Follow project status","","","","","","","","","","","","","","","","","","","","","","","","","","","","","","","","","","","","","","","239521673956;262912230083","","","","","","","","",""
"315980017346","719:59:18","","","","","","Indivdiual","2026-04-10 15:42","","1.0","","2026-03-11 15:43","Prem .","","29.0","","https://drive.google.com/drive/folders/1UDuPsFzROhsXipX-bczUjsI5QZwtk616","Solai Ayyar","Prem .","1.0","Commissioning payment","","","","","","","false","","1.0","false","true","true","0.0","","","","2026-03-25 20:44","","","","","","","","","","","","","","","to follow ","0.0","0.0","0.0","","","","","2026-03-11 15:43","Payments","","8.6","<p>PV318/25-26&nbsp;</p>","","CRM UI","","","","","","","Prem .","","","0.0","","","","","","","","","","","","","","","","","","","","","","","","","","","","","","","","","","","","","","","","","","","","","","","","","","","","","","","","","","","","","","","","","","","","","","","","","","","","","",""
"299789800159","1249:08:26","78000.0","78000.0","","","","Indivdiual","2026-04-10 11:19","","1.0","","2026-02-17 10:10","Prem .","","52.0","","https://drive.google.com/drive/folders/16hfpiHCmgdIYp1KFLFHR3LBpaM8HJXfi","Vasu Rao","Prem .","1.0","Commissioning payment","","","","78000.0","","","","","1.0","false","true","true","0.0","","","","2026-03-28 11:19","","","","","","","","","","","","","","","to follow ","0.0","0.0","0.0","","","","","2026-02-17 10:10","Payments","","4.0","<p>PV297/25-26</p>","","CRM UI","","","","","","","Prem .","78000.0","78000.0","0.0","","","","","","","","","","","","","","","","","","","","","","","","","","","","","","","","","","","","","","","","","","","","","","","","","","","","","","","","","","","","","","","","","","","","","","","","","","","","","",""
"298413750979","843:51:49","","","","","","Indivdiual","2026-03-23 15:29","","1.0","","2026-02-16 11:37","Prem .","","35.0","","https://drive.google.com/drive/folders/1Jfc6cYdXl9sxOGL3S4WbgvoKHM29_Mnk","Mr. Sivasankar ","Prem .","1.0","Commissioning payment","","","","","","","","","1.0","false","true","true","0.0","","","","2026-03-11 15:30","","","","","","","","","","","","","","","to follow advance ","0.0","0.0","0.0","","","","","2026-02-16 11:37","Payments","","3.0","<p>PV300/25-26</p>","","CRM UI","","","","","","","Prem .","","","0.0","","","","","","","","","","","","","","","","","","","","","","","","","","","","","","","","","","","","","","","","","","","","","","","","","","","","","","","","","","","","","","","","","","","","","","","","","","","","","",""
"279745788645","719:58:41","","","","","","Schools","2026-03-04 13:40","","1.0","","2026-02-02 13:41","Prem .","","29.0","","https://drive.google.com/drive/folders/1txKDjhfeS5olLi_U2kKk5tzTRALp4PrR","National school","Prem .","1.0","Commissioning payment","","","","","","","","","1.0","false","true","true","0.0","","","","2026-03-02 12:50","","","","","","","","","","","","","","","to follow","0.0","0.0","0.0","","","","","2026-02-02 13:41","Payments","","20.0","<p>PV181/25-26&nbsp;</p>","","CRM UI","","","","","","","Prem .","","","0.0","","","","","","","","","","","","","","","","","","","","","","","","","","","","","","","","","","","","","","","","","","","","","","","","","","","","","","","","","","","","","","","","","","","","","","","","","","","","","",""
"245342585568","1408:26:16","","","","","","Association","2026-02-17 11:36","","1.0","","2025-12-20 19:10","Prem .","","58.0","","https://drive.google.com/drive/folders/11tpkls5lBOv5-93JhoF_QVXKGrME1Hvl","Ramaniyam - Mandhagini","Prem .","1.0","Commissioning payment","","","","","","","","","1.0","false","true","true","0.0","","","","2026-02-20 16:29","","","","","","","","","","","","","","","to follow","0.0","0.0","0.0","","","","","2025-12-20 19:10","Payments","","12.0","<p>PV258/25-26&nbsp;</p>","","CRM UI","","","","","","","Prem .","","","0.0","","","","","","","","","","","","","","","","","","","","","","","","","","","","","","","","","","","","","","","","","","","","","","","","","","","","","","","","","","","","","","","","","","","","","","","","","","","","","",""
"238645395158","1370:31:32","10000.0","10000.0","","","","","2026-02-08 13:27","","1.0","","2025-12-13 10:55","Vivek Sridhar","","57.0","","https://drive.google.com/drive/folders/14azFahYCiQkLmvWeE9PeGotXyEciUDW8
","4 Bricks RBI Colony","Vivek Sridhar","1.0","Commissioning payment","","","","10000.0","","","","","1.0","false","true","true","0.0","2026-01-28 08:00","","","2026-02-02 13:27","","","","","","","","","","","","","","","","0.0","0.0","1.0","0.0","","","","2025-12-13 10:55","Payments","","","<p>PV209/25-26&nbsp;</p>","","CRM UI","","","","","","145000.0","Vivek Sridhar","10000.0","10000.0","0.0","","","","","","","","","","","","","","","","","","","","","","","","","","","","","","to follow payment ","","","","","","","","","","","","","","","","","","","","","","","","","","","","","","","","","","","","","","","316655436490","","","","","","","","",""
"239542594277","1353:29:23","131000.0","131000.0","","","","","2026-02-07 20:23","","1.0","","2025-12-13 10:54","Vivek Sridhar","","56.0","","","Subramaniam Nithya Builders","Vivek Sridhar","1.0","Commissioning payment","","","","131000.0","","","","","1.0","false","true","true","0.0","2026-02-09 08:00","","","2026-02-09 08:05","","","","","","","","","","","","","","","","0.0","0.0","1.0","0.0","","","","2025-12-13 10:54","Payments","","6.0","<p>PV034/25-26</p>","","CRM UI","","","","","","","Prem .","131000.0","131000.0","0.0","","","","","","","","","","","","","","","","","","","","","","","","","","","","","","to follow final payment","","","","","","","","","","","","","","","","","","","","","","","","","","","","","","","","","","","","","","","316598257361","","","","","","","","",""
"235667026658","1689:32:38","265000.0","265000.0","","","","Indivdiual","2026-02-16 20:26","","1.0","","2025-12-08 10:54","Prem .","","70.0","","6kw hybrid ","Srinivasan Geeyam ref","Prem .","1.0","Commissioning payment","","","","265000.0","","","","","1.0","false","true","true","0.0","2026-02-16 08:00","","","2026-02-20 16:29","","","","","","","","","","","","","","","to follow","0.0","0.0","2.0","","","","","2025-12-08 10:54","Payments","","6.0","<p>https://drive.google.com/drive/folders/180rgn3V9YXklg2ZVvbk9YwS2Pojd6Dyl</p>","","CRM UI","","","","","","","Prem .","265000.0","265000.0","0.0","","","","","","","","","","","","","","","","","","","","","","","","","","","","","","to get advance payment;to follow payment ","","","","","","","","","","","","","","","","","","","","","","","","","","","","","","","","","","","","","","","276069002951;280111601374","","","","","","","","",""
"223188253388","1625:21:09","150000.0","150000.0","","","","","2026-01-26 09:21","","1.0","","2025-11-19 15:59","Vivek Sridhar","","67.0","","20 kw ongrid low rise 
","Newry Adora","Vivek Sridhar","1.0","Commissioning payment","","","","150000.0","","","","","1.0","false","true","true","0.0","2025-12-20 10:00","","","2025-12-28 21:00","","","","","","","","","","","","","","","Supply payment ","0.0","0.0","4.0","","","","","2025-11-19 15:59","Payments","","20.0","<p>PV279/24-25</p>","","CRM UI","","","","","","","Prem .","150000.0","150000.0","0.0","","","","","","","","","","","","","","","","","","","","","","","","","","","","","","Advance followup;supply payment ;Follow-up Re:supply payment ;Follow-up Re:supply payment ","","","","","","","","","","","","","","","","","","","","","","","","","","","","","","","","","","","","","","","263003221691;264323181268;271856302787;276532776675","","","","","","","","",""
"222285017845","719:59:36","183000.0","183000.0","","","","","2025-12-19 15:53","","1.0","","2025-11-19 15:54","Vivek Sridhar","","29.0","","20 kw 
","Rakshas 20 kW","Vivek Sridhar","1.0","Commissioning payment","","","","183000.0","","","","","1.0","false","true","true","0.0","","","","2025-12-13 11:03","","","","","","","","","","","","","","","","0.0","0.0","0.0","","","","","2025-11-19 15:54","Payments","","","","","CRM UI","","","","","","","Vivek Sridhar","183000.0","183000.0","0.0","","","","","","","","","","","","","","","","","","","","","","","","","","","","","","","","","","","","","","","","","","","","","","","","","","","","","","","","","","","","","","","","","","","","","","","","","","","","","",""
"223188253382","1748:23:39","35000.0","35000.0","","","","","2026-01-31 12:17","","1.0","","2025-11-19 15:53","Vivek Sridhar","","72.0","","4.4 kw elevated 
","Srestha Padmalaya","Vivek Sridhar","1.0","Commissioning payment","","","","35000.0","","","","","1.0","false","true","true","0.0","2025-12-12 08:00","","","2026-01-26 12:17","","","","","","","","","","","","","","","","0.0","0.0","1.0","","","","","2025-11-19 15:53","Payments","","","","","CRM UI","","","","","","","Prem .","35000.0","35000.0","0.0","","","","","","","","","","","","","","","","","","","","","","","","","","","","","","to follow payment","","","","","","","","","","","","","","","","","","","","","","","","","","","","","","","","","","","","","","","264323190473","","","","","","","","",""
"223311649485","719:59:27","150000.0","150000.0","","","","","2025-12-19 15:52","","1.0","","2025-11-19 15:52","Vivek Sridhar","","29.0","","10 kw low rise ","RCC e-Construct","Vivek Sridhar","1.0","Commissioning payment","","","","150000.0","","","","","1.0","false","true","true","0.0","","","","2025-12-13 17:53","","","","","","","","","","","","","","","","0.0","0.0","0.0","","","","","2025-11-19 15:52","Payments","","","","","CRM UI","","","","","","","Vivek Sridhar","150000.0","150000.0","0.0","","","","","","","","","","","","","","","","","","","","","","","","","","","","","","","","","","","","","","","","","","","","","","","","","","","","","","","","","","","","","","","","","","","","","","","","","","","","","",""
"223310929625","719:59:23","","","","","","","2025-12-19 15:50","","1.0","","2025-11-19 15:51","Vivek Sridhar","","29.0","","3.3 kw ongrid low rise 
","Krishna Ekta","Vivek Sridhar","1.0","Commissioning payment","","","","","","","","","1.0","false","true","true","0.0","2025-12-08 08:00","","","2025-12-13 17:54","","","","","","","","","","","","","","","","0.0","0.0","1.0","","","","","2025-11-19 15:51","Payments","","","<p>PV025/25-26&nbsp;</p>","41430.0","CRM UI","","","","","","","Vivek Sridhar","","","0.0","","","","","","","","","","","","","","","","","","","","","","","","","","","","","","to follow payment ","","","","","","","","","","","","","","","","","","","","","","","","","","","","","","","","","","","","","","","264426692291","","","","","","","","",""
"222885174009","719:59:05","238959.0","238959.0","","","","Real Estate / Construction","2025-12-19 15:48","","1.0","","2025-11-19 15:49","Prem .","","29.0","","5kw ongrid ndcr low rise ","Lancor - Ananda ","Prem .","1.0","Commissioning payment","","","","238959.0","","","","","1.0","false","true","true","0.0","2025-12-04 08:00","","","2025-12-04 15:38","","","","","","","","","","","","","","","Advance followup","0.0","0.0","3.0","","","","","2025-11-19 15:49","Payments","","5.0","<p>PV231/25-26&nbsp;</p>","","CRM UI","","","","","","","Prem .","238959.0","238959.0","0.0","","","","","","","","","","","","","","","","","","","","","","","","","","","","","","Advance to be received;to follow advance payment ;to follow advance payment. the have sent to our old account ","","","","","","","","","","","","","","","","","","","","","","","","","","","","","","","","","","","","","","","263036950256;264322458302;272219080434","","","","","","","","",""
"223130111709","719:55:49","238959.0","238959.0","","","","Real Estate / Construction","2025-12-19 15:43","","1.0","","2025-11-19 15:47","Prem .","","29.0","","5kw ongrid ndcr low rise ","Lancor - Bakya ","Prem .","1.0","Commissioning payment","","","","238959.0","","","","","1.0","false","true","true","0.0","2025-12-08 08:00","","","2025-12-08 11:01","","","","","","","","","","","","","","","follow advance payment","0.0","0.0","3.0","","","","","2025-11-19 15:47","Payments","","5.0","<p>PV231/25-26&nbsp;</p>","","CRM UI","","","","","","","Prem .","238959.0","238959.0","0.0","","","","","","","","","","","","","","","","","","","","","","","","","","","","","","Advance to be received;to follow advance payment ;to follow advance payment. they have sent it to our old account ","","","","","","","","","","","","","","","","","","","","","","","","","","","","","","","","","","","","","","","263435876084;264424606399;272250186482","","","","","","","","",""
"217571741423","2544:49:58","2400000.0","2400000.0","","","","Real Estate / Construction","2026-02-27 14:16","","1.0","","2025-11-13 13:26","Prem .","","106.0","","3 kw elevated dcr ","Radiance  Splendour- Coimbatore ","Prem .","1.0","Commissioning payment","","","","2400000.0","","","","","1.0","false","true","true","0.0","2026-02-03 08:00","","","2026-02-20 16:27","","","","","","","","","","","","","","","to follow ","0.0","0.0","3.0","","","","","2025-11-13 13:26","Payments","","141.6","<p>PV222/25-26&nbsp;</p>","","CRM UI","","","","","","6100000.0","Prem .","2400000.0","2400000.0","0.0","","","","","","","","","","","","","","","","","","","","","","","","","","","","","","to follow meeting;to follow final meeting ;to follow supply payment ","","","","","","","","","","","","","","","","","","","","","","","","","","","","","","","","","","","","","","","257529217752;286413332177;316655404769","","","","","","","","",""
"215711173356","719:59:41","1564721.0","1564721.0","","","","Real Estate / Construction","2025-12-12 12:55","","1.0","","2025-11-12 12:56","Prem .","","29.0","","https://drive.google.com/drive/folders/1tw2yDeLbP3qMVc2bmtLIQO-mf_M6cjmD","Jains - Advaya","Prem .","1.0","Commissioning payment","","","","1564721.0","","","","","1.0","false","true","true","0.0","2025-11-24 08:00","","","2025-11-24 08:00","","","","","","","","","","","","","","","","0.0","0.0","1.0","","","","","2025-11-12 12:56","Payments","","","<p>Proposals 23 - Jains Advaya</p>","","CRM UI","","","","","","","Vivek Sridhar","1564721.0","1564721.0","0.0","","","","","","","","","","","","","","","","","","","","","","","","","","","","","","Understand project status","","","","","","","","","","","","","","","","","","","","","","","","","","","","","","","","","","","","","","","260176194244","","","","","","","","",""
"216534898378","1919:00:45","1107178.0","1107178.0","","","","Real Estate / Construction","2026-01-31 11:56","","1.0","","2025-11-12 12:55","Prem .","","79.0","","https://drive.google.com/drive/folders/1VqxNmSuCXTgT5CCxYECFEtZVQIof9Nnu","Jains - Aadheeswar ","Prem .","1.0","Commissioning payment","","","","1107178.0","","","","","1.0","false","true","true","0.0","2026-01-31 08:00","","","2026-01-31 08:02","","","","","","","","","","","","","","","","0.0","0.0","2.0","","","","","2025-11-12 12:55","Payments","","42.5","<p>PV267/24</p>","","CRM UI","","","","","","","Prem .","1107178.0","1107178.0","0.0","","","","","","","","","","","","","","","","","","","","","","","","","","","","","","Understand project status;to follow payment ","","","","","","","","","","","","","","","","","","","","","","","","","","","","","","","","","","","","","","","260826006240;316610676460","","","","","","","","",""
"216640716534","1419:16:10","93665.0","93665.0","","","","Real Estate / Construction","2026-01-10 15:54","","1.0","","2025-11-12 12:38","Prem .","","59.0","","3.3 kw low rise structure  https://drive.google.com/drive/folders/1HaoLXM91-yc15Ti3PKFZeRY3KsNE2OQP","Zeneto","Prem .","1.0","Commissioning payment","","New Business","","93665.0","","","","","1.0","false","true","true","0.0","2026-01-10 08:00","","","2026-01-10 08:01","","","","","","","","","","","","","","","to follow final payment ","0.0","0.0","2.0","","","","","2025-11-12 12:38","Payments","High","3.3","<p>PV142/25-26&nbsp;</p>","","CRM UI","","","","","","","Prem .","93665.0","93665.0","0.0","","","","","","","","","","","","","","","","","","","","","","","","","","","","","","to follow final payment ;yet to finish our work. to follow status ","","","","","","","","","","","","","","","","","","","","","","","","","","","","","","","","","","","","","","","256545630965;272682011359","","","","","","","","",""
"216263098042","1326:31:36","400000.0","400000.0","","","","","2026-01-05 18:36","","1.0","","2025-11-11 12:05","Vivek Sridhar","","55.0","","29.7 kwp low rise structure ","S&P Courtyard","Vivek Sridhar","1.0","Commissioning payment","","","","400000.0","","","","","1.0","false","true","true","0.0","2025-12-15 08:00","","","2025-12-19 18:39","","","","","","","","","","","","","","","to follow payment ","0.0","0.0","4.0","","","","","2025-11-11 12:05","Payments","","","<p>PV064/24&nbsp;</p>","","CRM UI","","","","","","","Prem .","400000.0","400000.0","0.0","","","","","","","","","","","","","","","","","","","","","","","","","","","","","","To get payment - 1.78 bill has reached office;to follow payment ;to follow supply payment ;to get supply payment ","","","","","","","","","","","","","","","","","","","","","","","","","","","","","","","","","","","","","","","262772833998;264322458324;269885088462;275799228126","","","","","","","","",""
"213215914689","2359:01:02","200000.0","200000.0","","","","Indivdiual","2026-02-16 20:27","","1.0","","2025-11-10 13:26","Prem .","","98.0","","3.3 and 2.2 X 3 nos
https://drive.google.com/drive/folders/1kn75FKSNkFvCq85La_Vtp4eYU36qExXu","Raja - Rajagopal Street ","Prem .","1.0","Commissioning payment","","","","200000.0","","","","","1.0","false","true","true","0.0","2026-02-16 11:00","","","2026-03-02 12:51","","","","","","","","","","","","","","","to follow payment ","0.0","0.0","1.0","","","","","2025-11-10 13:26","Payments","","9.9","<p>PV128/25-26&nbsp;</p>","","CRM UI","","","","","","","Prem .","200000.0","200000.0","0.0","","","","","","","","","","","","","","","","","","","","","","","","","","","","","","Waiting for site to get ready, post which material is to be delivered - to check","","","","","","","","","","","","","","","","","","","","","","","","","","","","","","","","","","","","","","","262887380704","","","","","","","","",""
"212805293769","1060:06:35","","","","","","Real Estate / Construction","2025-12-21 20:41","","1.0","","2025-11-07 16:35","Prem .","","44.0","","2.2 kw X 4 Nos Elevated","Shree Viruksha homes - Shankaran","Prem .","1.0","Commissioning payment","","","","","","","","","1.0","false","true","true","0.0","2025-12-22 08:00","","","2026-02-20 16:30","","","","","","","","","","","","","","","to follow
","0.0","0.0","1.0","","","","","2025-11-07 16:35","Payments","","8.0","<p>PV214/25-26&nbsp;</p>","","CRM UI","","","","","","","Prem .","","","0.0","","","","","","","","","","","","","","","","","","","","","","","","","","","","","","to follow advance payment ","","","","","","","","","","","","","","","","","","","","","","","","","","","","","","","","","","","","","","","286620610242","","","","","","","","",""
"207661977275","2707:30:01","","","","","","Real Estate / Construction","2026-02-24 10:51","","1.0","","2025-11-03 15:21","Prem .","","112.0","","https://drive.google.com/drive/folders/1Sng-uVBMpmgWUu6ZHUlH1VCiZ2FHXTH1","shree homes - Yuvaraj ","Prem .","1.0","Commissioning payment","","","","","","","","","1.0","false","true","true","0.0","","","","2026-03-11 15:31","","","","","","","","","","","","","","","to follow ","0.0","0.0","0.0","","","","","2025-11-03 15:21","Payments","","3.0","<p>PV208/25-26&nbsp;</p>","","CRM UI","","","","","","","Prem .","","","0.0","","","","","","","","","","","","","","","","","","","","","","","","","","","","","","","","","","","","","","","","","","","","","","","","","","","","","","","","","","","","","","","","","","","","","","","","","","","","","",""
"207037877949","3084:29:18","850000.0","850000.0","","","","Real Estate / Construction","2026-03-10 10:08","","1.0","","2025-11-01 21:38","Prem .","","128.0","","120 kw https://drive.google.com/drive/folders/1XzzEKq4oGI4ZmFGYgigKfkbasxisatQ2","Prestige Ooty Hill Crest","Prem .","1.0","Commissioning payment","","","","850000.0","","","","","1.0","false","true","true","0.0","2026-02-03 08:00","","","2026-02-12 10:08","","","","","","","","","","","","","","","","0.0","0.0","3.0","","","","","2025-11-01 21:38","Payments","","120.0","<p>PV233/24</p>","","Mobile Android","","","","","","","Prem .","850000.0","850000.0","0.0","","","","","","","","","","","","","","","","","","","","","","","","","","","","","","To get bill confirmation from kumarasamy;Expected 16 lakhs;to follow payment ","","","","","","","","","","","","","","","","","","","","","","","","","","","","","","","","","","","","","","","245353203414;262889195243;316656177863","","","","","","","","",""
"183973252842","2546:44:58","37000.0","37000.0","","","","Real Estate / Construction","2026-01-26 20:59","","1.0","","2025-10-12 18:14","Vivek Sridhar","","106.0","","9.8 kw - https://drive.google.com/drive/folders/1_u-RuRtvAD2UTgwCcNGpg9JWZFzEkqio","Green valley  - mahameru","Vivek Sridhar","1.0","Commissioning payment","","","","37000.0","","","","","1.0","false","true","true","0.0","2026-01-26 08:00","","","2026-01-26 08:02","","","","","","","","","","","","","","","","0.0","0.0","1.0","","","","","2025-10-12 18:14","Payments","","10.0","<p>PV100/25-26</p>","","Mobile Android","","","","","","","Prem .","37000.0","37000.0","0.0","","","","","","","","","","","","","","","","","","","","","","","","","","","","","","Bill has been sent. Will let us know when they can pay","","","","","","","","","","","","","","","","","","","","","","","","","","","","","","","","","","","","","","","260826723056","","","","","","","","",""
"185478439637","1637:19:11","300000.0","300000.0","","","","Commercial","2025-12-19 15:37","","1.0","","2025-10-12 10:17","Vivek Sridhar","","68.0","","100kW
TNEB Liasioning payment
","Shoba textile Liasoning","Vivek Sridhar","1.0","Commissioning payment","","","","300000.0","","","","","1.0","false","true","true","0.0","2025-12-24 08:00","","","2025-12-24 08:02","","","","","","","","","","","","","","","13/10/25","0.0","0.0","3.0","","","","","2025-10-12 10:17","Payments","","100.0","<p>PV324/24-25</p>","","Mobile Android","","","","","","","Prem .","300000.0","300000.0","0.0","","","","","","","","","","","","","","","","","","","","","","","","","","","","","","Get status update;to get advance payment ;final payment ","","","","","","","","","","","","","","","","","","","","","","","","","","","","","","","","","","","","","","","262912230075;264322456289;267031393014","","","","","","","","",""
"184354337503","1897:27:11","33000.0","33000.0","","","","","2025-12-29 10:01","","1.0","","2025-10-11 08:34","Prem .","","79.0","","5kw ongrid ","Karthikeyan - CM construction ","Prem .","1.0","Commissioning payment","","","","33000.0","","","","","1.0","false","true","true","0.0","2025-12-19 08:00","","","2025-12-22 09:02","","","","","","","","","","","","","","","to follow advance ","0.0","0.0","7.0","","","","","2025-10-11 08:34","Payments","","5.0","PV036/25-26","","Mobile Android","","","","","","","Prem .","33000.0","33000.0","0.0","","","","","","","","","","","","","","","","","","","","","","","","","","","","","","Follow up;To get advance payment;Inverter installation to be done. Then follow up. Understand status of project.;to follow final payment ;to follow final payment ;Follow-up Re:to follow final payment;to follow final payment ","","","","","","","","","","","","","","","","","","","","","","","","","","","","","","","","","","","","","","","221760849605;221833907952;258929139445;264420313795;272250184426;276964302527;278985597675","","","","","","","","",""
"157294602991","4962:33:41","85000.0","85000.0","","","","Real Estate / Construction","2026-04-03 11:12","","1.0","","2025-09-08 16:38","Vivek Sridhar","","206.0","","https://drive.google.com/drive/folders/1D5nxoyxvR-zryhMuzKzsQnsCyUlh8VvJ","Khurinji The Orchid","Prem .","1.0","Commissioning payment","","","","85000.0","","","","","1.0","false","true","true","0.0","2026-01-26 08:00","","","2026-03-27 11:13","","","","","","","","","","","","","","","","0.0","0.0","11.0","","","","","2026-03-27 11:13","Payments","High","5.0","PV115/25-26 Khurinji The Orchid","","Import","Deals Import 25-26.xlsx","","","","","","Prem .","85000.0","85000.0","0.0","","","","","","","","","","","","","","","","","","","","","","","","","","","","","","Follow up - will tell when we can start;Order confirmed. To connect for advance;Follow-up Re:Order confirmed. To connect for advance;Follow-up Re:Order confirmed. To connect for advance;Follow-up Re:Order confirmed. To connect for advance;Follow-up Re:Order confirmed. To connect for advance;Follow-up Re:Order confirmed. To connect for advance;Follow-up Re:Order confirmed. To connect for advance;to follow advance payment ;Follow-up Re:to follow advance payment ;to follow final payment ","","","","","","","","","","","","","","","","","","","","","","","","","","","","","","","","","","","","","","","193868939964;196967485167;207569906371;218026081993;221888911083;238033898201;241932728034;246776802024;272085458666;276964303567;287979061952","","","","","","","","",""
"240004882127","719:59:47","","","","","","","2026-01-12 18:23","","1.0","","2025-12-13 18:23","Vivek Sridhar","","29.0","","","Enexio Power Cooling","Vivek Sridhar","1.0","Retention","","","","","","","","","1.0","false","true","true","0.0","2026-01-12 11:00","","","2026-01-12 11:00","","","","","","","","","","","","","","","","0.0","0.0","2.0","0.0","","","","2025-12-13 18:23","Payments","","","","","CRM UI","","","","","","","Vivek Sridhar","","","0.0","","","","","","","","","","","","","","","","","","","","","","","","","","","","","","To start following for retention payment","","","","","January 24 is the date of operation","","","","","","","","","","","","","","","","","","","","","","","","","","","","","","","","","","297277302485","","","","","281277248227","","","",""
"223303729863","719:59:11","","","","","","","2025-12-19 15:49","","1.0","","2025-11-19 15:50","Vivek Sridhar","","29.0","","10kw ongrid low rise ","Adroit Urban","Vivek Sridhar","1.0","Retention","","","","","","","","","1.0","false","true","true","0.0","2026-02-10 08:00","","","2026-02-10 08:02","","","","","","","","","","","","","","","to follow payment ","0.0","0.0","1.0","","","","","2025-11-19 15:50","Payments","","","","","CRM UI","","","","","","","Prem .","","","0.0","","","","","","","","","","","","","","","","","","","","","","","","","","","","","","to follow retention payment ","","","","","","","","","","","","","","","","","","","","","","","","","","","","","","","","","","","","","","","264424608467","","","","","","","","",""
"223310929617","719:59:52","","","","","","","2025-12-19 15:48","","1.0","","2025-11-19 15:48","Vivek Sridhar","","29.0","","36kw ongrid low rise 
","Navins Starwood","Vivek Sridhar","1.0","Retention","","","","","","","","","1.0","false","true","true","0.0","","","","2025-11-22 11:22","","","","","","","","","","0-27-264352286422","2026-06-01 08:00","","","","to follow payment ","0.0","0.0","1.0","","","","","2025-11-19 15:48","Payments","","","","","CRM UI","","","","","","","Prem .","","","0.0","","","","","","","","","","","","","","","","","","","","","","","","","","","","","","to follow retention payment ","","","","","","","","","","","","","","","","","","","","","","","","","","","","","","","","","","","","","","","264352286422","","","","","","","","",""
"223196619513","1917:43:40","","","","","","","2026-02-07 13:32","","1.0","","2025-11-19 15:48","Vivek Sridhar","","79.0","","26 kw ongrid low rise 
","Navins Hanging Garden","Vivek Sridhar","1.0","Retention","","","","","","","","","1.0","false","true","true","0.0","2026-02-07 08:00","","","2026-02-07 08:01","","","","","","","","","","","","","","","to follow payment ","0.0","0.0","1.0","","","","","2025-11-19 15:48","Payments","","","","","CRM UI","","","","","","","Prem .","","","0.0","","","","","","","","","","","","","","","","","","","","","","","","","","","","","","to follow retention payment ","","","","","","","","","","","","","","","","","","","","","","","","","","","","","","","","","","","","","","","264323195587","","","","","","","","",""
"223196619505","719:59:34","","","","","","Commercial","2025-12-19 15:45","","1.0","","2025-11-19 15:45","Vivek Sridhar","","29.0","","21 kw ongrid mini rail
","NDR Logon - Office","Vivek Sridhar","1.0","Retention","","","","","","","","","1.0","false","true","true","0.0","2026-01-20 08:00","","","2026-01-20 08:01","","","","","","","","","","","","","","","to follow payment ","0.0","0.0","1.0","","","","","2025-11-19 15:45","Payments","","10.0","","","CRM UI","","","","","","","Prem .","","","0.0","","","","","","","","","","","","","","","","","","","","","","","","","","","","","","to follow retention ","","","","","","","","","","","","","","","","","","","","","","","","","","","","","","","","","","","","","","","264424602342","","","","","","","","",""
"207271891695","1674:08:30","219546.0","219546.0","","","","Indivdiual","2026-01-10 15:52","","1.0","","2025-11-01 21:44","Prem .","","69.0","Prem .","6kwp elevated DCR
https://drive.google.com/drive/folders/1kYnLfaSSkHv8GkEP2f9_yc5cBDGFk6sR?usp=drive_link","Sridhar Rajan","Prem .","1.0","Retention","","New Business","","219546.0","Closed won","","","","1.0","false","true","true","0.0","2025-12-22 08:00","","","2026-01-06 15:53","","","","","","","","","","","","","","","to follow final payment","0.0","0.0","4.0","","","","","2025-11-01 21:44","Payments","Medium","6.0","<p>PV160/25-26</p>","","Mobile Android","","","","","","","Prem .","219546.0","219546.0","0.0","","","","","","","","","","","","","","","","","","","","","","","","","","","","","","To follow final payment;Understand current status of project and get a timeline for next payment;Follow-up Re:To follow final payment;we can start the works to follow final payment ","","","","","","","","","","","","","","","","","","","","","","","","","","","","","","","","","","","","","","","245292133064;255099108050;262180759227;272250176245","","","","","","","","",""
"181977938672","1516:07:21","10000.0","10000.0","","","","Real Estate / Construction","2025-12-11 13:13","","1.0","","2025-10-09 09:06","Prem .","","63.0","","10kw ongrid elevated","Newry properties  Astor ","Prem .","1.0","Retention","","","","10000.0","","","","","1.0","false","true","true","0.0","2026-01-09 10:00","","","2026-01-09 10:00","","","","","","","","","","","","","","","to follow payment ","0.0","0.0","3.0","","","","","2025-10-09 09:06","Payments","","2.0","","","CRM UI","","","","","","","Prem .","10000.0","10000.0","0.0","","","","","","","","","","","","","","","","","","","","","","","","","","","","","","To apply EB and get retention;to get retention ;Follow-up Re:to get retention ","","","","","","","","","","","","","","","","","","","","","","","","","","","","","","","","","","","","","","","262771414758;264420308717;276988041970","","","","","","","","",""
